text,image_uri
"EU's Kaja Kallas declared Russia is no superpower. ğ??¨

After over a decade of conflict, including four years of war in Ukraine, it has barely advanced beyond the 2014 lines. 

The human toll? 1.2 million casualties. Today, Russia's economy is in decline. https://t.co/0rNZrRRbKU",https://pbs.twimg.com/amplify_video_thumb/2022949046001045504/img/pNs-NTTs5lfrB6ol.jpg
"This is why that helmet matters. It isnâ??t â??politicsâ? or a stuntâ??itâ??s memory. It honors Ukrainian athletes and our heroes who were killed by Russiaâ??s war. That tribute deserves respect, not punishment.

Slava Heroyam. Slava Ukraine. ğ??ºğ??¦ https://t.co/9sUhZso2Dr",https://pbs.twimg.com/amplify_video_thumb/2022215384607137792/img/CNgJfekNsrq1ygDC.jpg
"so as the man tell you say he de come from Russia, the Russia-Ukraine war no flash your mind small make you mind your business? ğ??­ https://t.co/4Zyan6iC3x",https://pbs.twimg.com/tweet_video_thumb/HBBcd1ubQAAasHG.jpg
"ğ??¯ï¸ ğ?? ğ??ºğ??¦ Today, in the Kharkiv region, people bid farewell to Hryhorii Shykula and his three children â?? two-year-old Ivanko and Vladyk, and one-year-old Myroslava â?? who were killed as a result of a Russian strike on Bohodukhiv on February 10. https://t.co/1BarPmd2Ic",https://pbs.twimg.com/media/HBEuR8jXQAAY6W7.jpg
"The war claims the lives of civilians in Ukraine every day. An attack involving more than a hundred drones has claimed the lives of at least 2 people, while 5 others were injured. In Odesa, a woman was killed after a drone struck a residential building directly. 17 frontline settlements in the Sumy region came under shelling, leaving one person dead and others wounded. A childrenâ??s hospital was partially destroyed. In the Kyiv region, a married couple was hospitalized after a drone hit their home.
#StopRussianAggression

ğ??¥: @SESU_UA",https://pbs.twimg.com/amplify_video_thumb/2022585463442391040/img/WScHMY0XENAENjF7.jpg
#FPDailyData: February marks four years of Russia-Ukraine war. But how much Ukrainian territory has Russia gained in those four years? The data suggests: not much. https://t.co/Wz6clBpi1u,https://pbs.twimg.com/media/HBB59PCb0AAiKko.jpg
"Kaja Collapse ğ?¤¦â?â??ï¸
Iâ??m ready to pay for her education. Iâ??m serious, because I canâ??t stand it anymore ğ??­
She said: â??when Russia goes to war, it goes alone because it has no allies. When America goes, we go with it.â? ğ?¤¦â?â??ï¸
Even untrusted Wikipedia gave not full, but more correct info ğ?¤·â?â??ï¸ https://t.co/ngwF19XE3m",https://pbs.twimg.com/amplify_video_thumb/2022400959607930880/img/6eIIQqQUpy2YKTUb.jpg
"Russia declare war 
Everyone pray for Russia. https://t.co/juawlLQidj",https://pbs.twimg.com/media/HBAjsi3bQAAR7j4.jpg
"As the 4th year of Russiaâ??s full-scale war against Ukraine approaches, rallies and solidarity events are taking place across Canada. Over 40 events are already on our listâ??we encourage communities to keep organizing, attending, and adding their events. https://t.co/VH1UeG42QM",https://pbs.twimg.com/media/HBCwMB8WIAEk1Dm.jpg
"- Trump thinks that Russia is winning, what's your response?

- We are in a very difficult situation, but I sit here, so Russia is not winning

Is it arrogance or lack of intelligence? 

He is right about one thing: Russia should have started this war by destroying Zelensky.",https://pbs.twimg.com/ext_tw_video_thumb/2022582763707105280/pu/img/7YeWsy8t5nklMkRx.jpg
"Zelensky says if thereâ??s a ceasefire between Ukraine and Russia then there will be elections in Ukraine. He then jokes that then there should be elections in Russia also.

Zelensky has been holding his country hostage for years now.

Heâ??s really a tyrant.

https://t.co/WHUZu2haUr",https://pbs.twimg.com/amplify_video_thumb/2022649853965115392/img/DVmus-Lq8FtmSgx0.jpg
"President Zelensky says he's open to a ceasefire if Russia holds electionsâ?¦ 

Meanwhile, Zelensky cancelled elections in Ukraine. https://t.co/ssLuvTVdm0",https://pbs.twimg.com/amplify_video_thumb/2022731475670765569/img/itIPrvGDchFzsF4Q.jpg
"This is how a fallen defender is honored in his hometown of Ivano-Frankivsk. 

A life given to stop Russiaâ??s invasion â?? and a city that refuses to forget. Bowing low to the Hero.
 
Heroyam Slava. Slava Ukraine. https://t.co/WapKSS6SDr",https://pbs.twimg.com/amplify_video_thumb/2022967483531919361/img/t34LPwsE63mV6d02.jpg
"Russian ğ??·ğ??º President Vladimir Putin sends child sex offenders to Hell, where they belong.

Ukraine ğ??ºğ??¦ is a hotbed for child trafficking &amp; Putin has saved thousands of children from the satanic baby eating cults of Ukraine.

Russia ğ??·ğ??º will topple the Baal worshiping @ZelenskyyUa. https://t.co/eq0qzX4MWO",https://pbs.twimg.com/media/HBAY8E5asAAbDYD.jpg
"Right now, on the streets of Munich and other cities, people are calling for support for freedom in Iran. We saw it. Ukraine does not share a border with Iran. Weâ??ve never had a conflict of interest with the Iranian regime. But the Iranian Shahed drones they sold to Russia are killing our people and destroying our infrastructure. The Iranian regime has already done â?? and can still do â?? more harm than many other regimes could do in a century. And yet this regime still exists. And it hopes to survive everything â?? even this crisis. 

Today, the people of Iran expect from the world what we in Ukraine needed on February 24, when the Russian invasion began â?? unity, determination, and speed. Of course, speed. Speed in support. And regimes like the one in Iran must not be given time. When they have time, they only kill more. They must be stopped immediately. And this is exactly what should have happened with the Ayatollah â?? after all the wars his regime unleashed and all the lives it took â?? and with Putin as well: after the war in Georgia, after Syria, after 2014 and the occupation of Crimea.",https://pbs.twimg.com/amplify_video_thumb/2022673340545290241/img/gy5RYIk58XRvoa2b.jpg
Ukrainian skeleton racer Vladyslav Heraskevychâ??s memory helmet shows the faces of Ukrainian athletes and coaches killed by Russiaâ??s war. The International Olympic Committee has disqualified him for wearing it â?? undermining its own reputation. https://t.co/qRPfuLaTKe,https://x.com/UkraineEmb_Rw/status/2022292402996724003/video/1
"Fucking human ğ?¤¢ğ?¤¥
How in hell can this be happening in 2026?!
Are we as bad in Europe who the fucking RuZZias are?!
This is not legal anywhere else but here in RuZZia the most disgusting treatment towards Ukraines people and their CHILDREN ğ??ºğ??¦ 
RuZZia killing innocent civilians and cancer patients with drones missiles bombs.
They are freezing Ukraines innocent people to death.
This is insane it is a terrorism behavior!
Not a normal war.",https://x.com/Ukrainiess/status/2023021332330332323/photo/1
"You can disqualify the athlete, but it wonâ??t change the truth about Russiaâ??s war.  

Russia has killed many Ukrainian athletes. Ukraine's skeleton racer Vladyslav Heraskevych honoured them, reminding the world of Putinâ??s atrocities. 

Sport cannot be separated from the reality of a war that continues to take lives.  

#Olympics #StandWithUkraine",https://x.com/EPPGroup/status/2021889946210988306/photo/1
"Ukraine recognized Palestine and sent humanitarian aid even though our country is currently suffering from russia's genocidal war and aggression

What has your country done for Palestine? https://t.co/RZeo60B4Dm",https://x.com/alya_zolotko/status/2022491650321264845/photo/1
A shame for an Olympics that is supposed to stand for peace and harmony in the world! This athlete was honoring those killed in the war with Russia! It was his national pride on his helmet! Just like their flag! Glory to Ukraine!! https://t.co/XFNrnE62VP,https://x.com/DrBobSmith1533/status/2022081410333651187/photo/1
"Is there really even a point to posting on this account,  if the average is like 23-30 impressions per post? 

Feels a bit like posting into the void at this point. 

After 3,960 posts and very little interest, unfortunately I can't continue to waste my time on this platform. I'd like to think I made a solid effort. 

Completely fake ""OSINT"" accounts, get thousands and thousands of likes. So really what's the point, when everyone is seeking their own version of the truth?",https://pbs.twimg.com/media/HBM2NWSWQAIS_z_.png
What the war between Ukraine and Russia really looks like https://t.co/6kwvreD3Q9,https://pbs.twimg.com/media/HBIAD1tW4AAkPWt.jpg
"Russia has to give up this terrible war against Ukraine, and we have to do everything that is needed to bring them to the point where they see no further advantages in continuing this terrible war.

ğ??ğ??ğ??ğ??ğ??ğ??ğ??ğ??ğ??ğ??ğ??ğ??
 https://t.co/E3zgIZQsbm",https://pbs.twimg.com/ext_tw_video_thumb/2022311539882012672/pu/img/qpOI0g1j49efS1hb.jpg
"Ukraine ğ??ºğ??¦ will win the war. No doubt.  I lived in Ukraine 11 wonderful years 1992-2003. I knew Ukraine ğ??ºğ??¦ would never surrender, even if was Partisans fighting in the Forrestâ??s of West Ukraine. With russiaâ??s economy collapsing fast, it has maybe one year left before Putin is forced out of office. Nowâ??s the time to hit economic targets like oil refineries Hard. Day after Day. Victory â??ï¸ is coming. ğ??ºğ??¦ğ??ºğ??¦ğ??ºğ??¦ğ??ºğ??¦ğ??ºğ??¦ğ??ºğ??¦ğ??ºğ??¦ğ??ºğ??¦",https://pbs.twimg.com/tweet_video_thumb/HBAy2oxXAAAtyAD.jpg
How To Stay Positive When It Never Stops Raining A Psychologist Offers Tips #Stay #Positive #When #Stops #Raining #Psychologist #Offers #Tips #USA #Russia #Biden #Ukraine #War #Palestine #Gaza #Israel # https://t.co/F25u7CJGLj https://t.co/FGEnkSZQmP,https://pbs.twimg.com/media/HBDrOegaQAAX-yq.jpg
